{"cameraMode":{"drawMode":0,"name":"Shaded","section":"Shading Mode"},"sceneLighting":true,"audioPlay":false,"sceneViewState":{"showFog":true,"showMaterialUpdate":false,"showSkybox":true,"showFlares":true,"showImageEffects":true,"showParticleSystems":true},"in2DMode":false,"pivot":{"x":108.35971069335938,"y":-84.27794647216797,"z":20.892351150512697},"rotation":{"x":-0.2708093822002411,"y":-0.616611123085022,"z":0.23867285251617433,"w":-0.6996448636054993},"size":177.20904541015626,"orthographic":false}